<?xml version="1.0" encoding="utf-8"?>
<assets PGFVersion="0.25" GSCVersion="1.25.5977">
  <sounds />
  <images>
    <image name="Play Button">
      <file name="Play Button.png" size="34261" />
    </image>
    <image name="Play PNG">
      <file name="Play PNG.png" size="16552" />
    </image>
    <image name="farmer">
      <file name="farmer.png" size="55982" />
    </image>
    <image name="the-house-in-the-field">
      <file name="the-house-in-the-field.png" size="975240" />
    </image>
    <image name="Cow">
      <file name="Cow.png" size="10667" />
    </image>
    <image name="Cow2">
      <file name="Cow2.png" size="10942" />
    </image>
  </images>
  <fonts />
  <behaviors />
</assets>