<?xml version="1.0" encoding="utf-8"?>
<game GSCVersion="1.25.5977" PGFVersion="0.25" title="Pong">
  <tags />
  <resolutionIndependence>0</resolutionIndependence>
  <instructions>Add game instructions here.</instructions>
  <resolution>12</resolution>
  <longDescription>A simple game.</longDescription>
  <prototypes>
    <actor id="id451486" />
    <actor id="id997221" />
    <actor id="id595732" />
    <actor id="id469686" />
    <actor id="id788869" />
    <actor id="id394588" />
  </prototypes>
  <plugins />
  <scenes>
    <scene id="id237911" />
    <scene id="id505524" />
  </scenes>
  <attributes>
    <text id="name">default name</text>
    <real id="time">0</real>
    <integer id="randomSeed">-1</integer>
    <size id="displaySize">
      <real id="width">568</real>
      <real id="height">320</real>
    </size>
    <text id="actorTags">All</text>
    <boolean id="platformConnected">false</boolean>
    <enumeration id="playerType">1</enumeration>
    <playermap id="player1 Keymap">
      <text id="dpadUp" />
      <text id="dpadDown" />
      <text id="dpadLeft" />
      <text id="dpadRight" />
      <text id="buttonX" />
      <text id="buttonY" />
      <text id="buttonA" />
      <text id="buttonB" />
      <text id="start" />
      <text id="select" />
      <text id="leftShoulder1" />
      <text id="rightShoulder1" />
      <text id="leftShoulder2" />
      <text id="rightShoulder2" />
      <text id="leftStickClick" />
      <text id="rightStickClick" />
    </playermap>
    <playermap id="player2 Keymap">
      <text id="dpadUp" />
      <text id="dpadDown" />
      <text id="dpadLeft" />
      <text id="dpadRight" />
      <text id="buttonX" />
      <text id="buttonY" />
      <text id="buttonA" />
      <text id="buttonB" />
      <text id="start" />
      <text id="select" />
      <text id="leftShoulder1" />
      <text id="rightShoulder1" />
      <text id="leftShoulder2" />
      <text id="rightShoulder2" />
      <text id="leftStickClick" />
      <text id="rightStickClick" />
    </playermap>
    <playermap id="player3 Keymap">
      <text id="dpadUp" />
      <text id="dpadDown" />
      <text id="dpadLeft" />
      <text id="dpadRight" />
      <text id="buttonX" />
      <text id="buttonY" />
      <text id="buttonA" />
      <text id="buttonB" />
      <text id="start" />
      <text id="select" />
      <text id="leftShoulder1" />
      <text id="rightShoulder1" />
      <text id="leftShoulder2" />
      <text id="rightShoulder2" />
      <text id="leftStickClick" />
      <text id="rightStickClick" />
    </playermap>
    <playermap id="player4 Keymap">
      <text id="dpadUp" />
      <text id="dpadDown" />
      <text id="dpadLeft" />
      <text id="dpadRight" />
      <text id="buttonX" />
      <text id="buttonY" />
      <text id="buttonA" />
      <text id="buttonB" />
      <text id="start" />
      <text id="select" />
      <text id="leftShoulder1" />
      <text id="rightShoulder1" />
      <text id="leftShoulder2" />
      <text id="rightShoulder2" />
      <text id="leftStickClick" />
      <text id="rightStickClick" />
    </playermap>
    <playermap id="player5 Keymap">
      <text id="dpadUp" />
      <text id="dpadDown" />
      <text id="dpadLeft" />
      <text id="dpadRight" />
      <text id="buttonX" />
      <text id="buttonY" />
      <text id="buttonA" />
      <text id="buttonB" />
      <text id="start" />
      <text id="select" />
      <text id="leftShoulder1" />
      <text id="rightShoulder1" />
      <text id="leftShoulder2" />
      <text id="rightShoulder2" />
      <text id="leftStickClick" />
      <text id="rightStickClick" />
    </playermap>
    <playermap id="player6 Keymap">
      <text id="dpadUp" />
      <text id="dpadDown" />
      <text id="dpadLeft" />
      <text id="dpadRight" />
      <text id="buttonX" />
      <text id="buttonY" />
      <text id="buttonA" />
      <text id="buttonB" />
      <text id="start" />
      <text id="select" />
      <text id="leftShoulder1" />
      <text id="rightShoulder1" />
      <text id="leftShoulder2" />
      <text id="rightShoulder2" />
      <text id="leftStickClick" />
      <text id="rightStickClick" />
    </playermap>
    <playermap id="player7 Keymap">
      <text id="dpadUp" />
      <text id="dpadDown" />
      <text id="dpadLeft" />
      <text id="dpadRight" />
      <text id="buttonX" />
      <text id="buttonY" />
      <text id="buttonA" />
      <text id="buttonB" />
      <text id="start" />
      <text id="select" />
      <text id="leftShoulder1" />
      <text id="rightShoulder1" />
      <text id="leftShoulder2" />
      <text id="rightShoulder2" />
      <text id="leftStickClick" />
      <text id="rightStickClick" />
    </playermap>
    <playermap id="player8 Keymap">
      <text id="dpadUp" />
      <text id="dpadDown" />
      <text id="dpadLeft" />
      <text id="dpadRight" />
      <text id="buttonX" />
      <text id="buttonY" />
      <text id="buttonA" />
      <text id="buttonB" />
      <text id="start" />
      <text id="select" />
      <text id="leftShoulder1" />
      <text id="rightShoulder1" />
      <text id="leftShoulder2" />
      <text id="rightShoulder2" />
      <text id="leftStickClick" />
      <text id="rightStickClick" />
    </playermap>
    <adreward id="adReward">
      <integer id="value">0</integer>
      <text id="name" />
    </adreward>
    <table id="id858464" name="PurchaseTable">PurchaseTable</table>
  </attributes>
</game>