<?xml version="1.0" encoding="utf-8"?>
<actor id="id997221" PGFVersion="0.25" GSCVersion="1.25.5977">
  <attributes>
    <text id="name">Player 1</text>
    <real id="time">0</real>
    <point id="position">
      <real id="x">0</real>
      <real id="y">0</real>
    </point>
    <size id="size">
      <real id="width">360</real>
      <real id="height">290</real>
    </size>
    <angle id="rotation">0</angle>
    <color id="color">
      <real id="red">1</real>
      <real id="green">1</real>
      <real id="blue">1</real>
      <real id="alpha">1</real>
    </color>
    <image id="image">farmer</image>
    <text id="tags">Wall Protection</text>
    <boolean id="preloadArt">true</boolean>
  </attributes>
  <behaviors>
    <behavior id="id886102" class="RuleBehavior" enabled="true">
      <attributes>
        <text id="name">Rule - Upward</text>
        <text id="bundleName">Rule.behavior</text>
        <real id="compoundConditionKind">0</real>
      </attributes>
      <conditions>
        <condition id="id422856" eventType="key" pluginPredicateTypeIndex="0" class="Key">
          <attributes>
            <text id="name">default name</text>
            <index id="conditionType">0</index>
          </attributes>
          <predicate type="key">
            <attributes>
              <text id="mode">down</text>
              <text id="keyString">up</text>
            </attributes>
          </predicate>
        </condition>
      </conditions>
      <behaviors>
        <behavior id="id204599" class="MoveBehavior" enabled="true">
          <attributes>
            <text id="name">Move</text>
            <text id="bundleName">Move.behavior</text>
            <angle id="direction">90</angle>
            <index id="space">0</index>
            <index id="moveType">0</index>
            <real id="speed">300</real>
          </attributes>
        </behavior>
      </behaviors>
    </behavior>
    <behavior id="id755933" class="RuleBehavior" enabled="true">
      <attributes>
        <text id="name">Rule - Downward</text>
        <text id="bundleName">Rule.behavior</text>
        <real id="compoundConditionKind">0</real>
      </attributes>
      <conditions>
        <condition id="id682649" eventType="key" pluginPredicateTypeIndex="0" class="Key">
          <attributes>
            <text id="name">default name</text>
            <index id="conditionType">0</index>
          </attributes>
          <predicate type="key">
            <attributes>
              <text id="mode">down</text>
              <text id="keyString">down</text>
            </attributes>
          </predicate>
        </condition>
      </conditions>
      <behaviors>
        <behavior id="id848342" class="MoveBehavior" enabled="true">
          <attributes>
            <text id="name">Move</text>
            <text id="bundleName">Move.behavior</text>
            <angle id="direction">270</angle>
            <index id="space">0</index>
            <index id="moveType">0</index>
            <real id="speed">300</real>
          </attributes>
        </behavior>
      </behaviors>
    </behavior>
    <behavior id="id356710" class="RuleBehavior" enabled="true">
      <attributes>
        <text id="name">Rule -  Ball Collision</text>
        <text id="bundleName">Rule.behavior</text>
        <real id="compoundConditionKind">0</real>
      </attributes>
      <behaviors>
        <behavior id="id468468" class="CollideBehavior" enabled="true">
          <attributes>
            <text id="name">Collide</text>
            <text id="bundleName">Collide.behavior</text>
            <text id="prototypeKey">id469686</text>
            <text id="actorTag">Ground</text>
            <index id="mode">0</index>
          </attributes>
        </behavior>
      </behaviors>
    </behavior>
    <behavior id="id538591" class="RuleBehavior" enabled="true">
      <attributes>
        <text id="name">Rule - Constrain</text>
        <text id="bundleName">Rule.behavior</text>
        <real id="compoundConditionKind">0</real>
      </attributes>
      <behaviors>
        <behavior id="id380944" class="ConstrainAttributeBehavior" enabled="true">
          <attributes>
            <text id="name">Constrain Attribute</text>
            <text id="bundleName">ConstrainAttribute.behavior</text>
            <text id="targetAttribute">self.attributes.position.x</text>
            <text id="RHS">500</text>
          </attributes>
        </behavior>
      </behaviors>
    </behavior>
    <behavior id="id261935" class="RuleBehavior" enabled="true">
      <attributes>
        <text id="name">Rule - Ball Spawn</text>
        <text id="bundleName">Rule.behavior</text>
        <real id="compoundConditionKind">0</real>
      </attributes>
      <conditions>
        <condition id="id939943" eventType="mouse position" pluginPredicateTypeIndex="0" class="AttributeCondition">
          <attributes>
            <index id="conditionType">1</index>
            <text id="subjectAttribute">game.attributes.id749940</text>
            <text id="name">default name</text>
          </attributes>
          <predicate type="boolean">
            <attributes>
              <index id="RHS">1</index>
            </attributes>
          </predicate>
        </condition>
        <condition id="id291813" eventType="mouse position" pluginPredicateTypeIndex="0" class="AttributeCondition">
          <attributes>
            <index id="conditionType">1</index>
            <text id="subjectAttribute">game.attributes.id520672</text>
            <text id="name">default name</text>
          </attributes>
          <predicate type="boolean">
            <attributes>
              <index id="RHS">0</index>
            </attributes>
          </predicate>
        </condition>
      </conditions>
      <behaviors>
        <behavior id="id295266" class="RuleBehavior" enabled="true">
          <attributes>
            <text id="name">Rule</text>
            <text id="bundleName">Rule.behavior</text>
            <real id="compoundConditionKind">0</real>
          </attributes>
          <conditions>
            <condition id="id744583" eventType="key" pluginPredicateTypeIndex="0" class="Key">
              <attributes>
                <text id="name">default name</text>
                <index id="conditionType">0</index>
              </attributes>
              <predicate type="key">
                <attributes>
                  <text id="mode">down</text>
                  <text id="keyString">T</text>
                </attributes>
              </predicate>
            </condition>
          </conditions>
          <behaviors>
            <behavior id="id508014" class="SpawnAction" enabled="true">
              <attributes>
                <text id="name">Spawn Actor</text>
                <text id="bundleName">Spawn.behavior</text>
                <text id="prototypeKey">id469686</text>
                <angle id="direction">
                  <expression>
                    <string xml:space="preserve">random(</string>
                    <string xml:space="preserve">140, 200</string>
                    <string xml:space="preserve">)</string>
                  </expression>
                </angle>
                <index id="directionSpace">0</index>
                <real id="x">-32</real>
                <real id="y">0</real>
                <index id="positionSpace">0</index>
                <index id="layerOrder">0</index>
              </attributes>
            </behavior>
            <behavior id="id948946" class="ChangeAttributeAction" enabled="true">
              <attributes>
                <text id="name">Change Attribute</text>
                <text id="bundleName">ChangeAttribute.behavior</text>
                <text id="targetAttribute">game.attributes.id520672</text>
                <text id="RHS">1</text>
              </attributes>
            </behavior>
          </behaviors>
          <elseBehaviors>
            <behavior id="id669749" class="ChangeAttributeAction" enabled="true">
              <attributes>
                <text id="name">Change Attribute</text>
                <text id="bundleName">ChangeAttribute.behavior</text>
                <text id="targetAttribute">game.attributes.id520672</text>
                <text id="RHS">true</text>
              </attributes>
            </behavior>
          </elseBehaviors>
        </behavior>
      </behaviors>
    </behavior>
  </behaviors>
  <aspects>
    <graphics>
      <attributes>
        <boolean id="visible">true</boolean>
        <enumeration id="blendingMode">0</enumeration>
        <enumeration id="horizontalWrap">0</enumeration>
        <enumeration id="verticalWrap">0</enumeration>
        <enumeration id="horizontalAnchor">0</enumeration>
        <enumeration id="verticalAnchor">0</enumeration>
        <boolean id="flipHorizontally">false</boolean>
        <boolean id="flipVertically">false</boolean>
        <integer id="tileWidth" name="tileWidth">360</integer>
        <integer id="tileHeight" name="tileHeight">290</integer>
      </attributes>
    </graphics>
    <motion>
      <attributes>
        <point id="linearVelocity">
          <real id="x">0</real>
          <real id="y">0</real>
        </point>
        <point id="centerOfMass">
          <real id="x">0</real>
          <real id="y">0</real>
        </point>
        <real id="angularVelocity">0</real>
        <real id="maxSpeed">0</real>
        <boolean id="applyMaxSpeed">false</boolean>
        <boolean id="pin">false</boolean>
      </attributes>
    </motion>
    <physics>
      <attributes>
        <real id="density">1</real>
        <real id="friction">3</real>
        <real id="restitution">1</real>
        <boolean id="fixedRotation">true</boolean>
        <boolean id="movable">true</boolean>
        <enumeration id="collisionShape">0</enumeration>
        <real id="drag">0</real>
        <real id="angularDrag">0</real>
        <boolean id="canSleep">true</boolean>
        <boolean id="betterColisions">false</boolean>
      </attributes>
    </physics>
  </aspects>
</actor>