<?xml version="1.0" encoding="utf-8"?>
<actor id="id595732" PGFVersion="0.25" GSCVersion="1.25.5977">
  <attributes>
    <text id="name">Player 2</text>
    <real id="time">0</real>
    <point id="position">
      <real id="x">0</real>
      <real id="y">0</real>
    </point>
    <size id="size">
      <real id="width">360</real>
      <real id="height">290</real>
    </size>
    <angle id="rotation">0</angle>
    <color id="color">
      <real id="red">1</real>
      <real id="green">1</real>
      <real id="blue">1</real>
      <real id="alpha">1</real>
    </color>
    <image id="image">farmer</image>
    <text id="tags">Wall Protection</text>
    <boolean id="preloadArt">true</boolean>
  </attributes>
  <behaviors>
    <behavior id="id991711" class="RuleBehavior" enabled="true">
      <attributes>
        <text id="name">Rule - Downward</text>
        <text id="bundleName">Rule.behavior</text>
        <real id="compoundConditionKind">0</real>
      </attributes>
      <conditions>
        <condition id="id874555" eventType="key" pluginPredicateTypeIndex="0" class="Key">
          <attributes>
            <text id="name">default name</text>
            <index id="conditionType">0</index>
          </attributes>
          <predicate type="key">
            <attributes>
              <text id="mode">down</text>
              <text id="keyString">s</text>
            </attributes>
          </predicate>
        </condition>
      </conditions>
      <behaviors>
        <behavior id="id321032" class="MoveBehavior" enabled="true">
          <attributes>
            <text id="name">Move</text>
            <text id="bundleName">Move.behavior</text>
            <angle id="direction">270</angle>
            <index id="space">0</index>
            <index id="moveType">0</index>
            <real id="speed">300</real>
          </attributes>
        </behavior>
      </behaviors>
    </behavior>
    <behavior id="id969648" class="RuleBehavior" enabled="true">
      <attributes>
        <text id="name">Rule - Upward</text>
        <text id="bundleName">Rule.behavior</text>
        <real id="compoundConditionKind">0</real>
      </attributes>
      <conditions>
        <condition id="id794521" eventType="key" pluginPredicateTypeIndex="0" class="Key">
          <attributes>
            <text id="name">default name</text>
            <index id="conditionType">0</index>
          </attributes>
          <predicate type="key">
            <attributes>
              <text id="mode">down</text>
              <text id="keyString">w</text>
            </attributes>
          </predicate>
        </condition>
      </conditions>
      <behaviors>
        <behavior id="id758045" class="MoveBehavior" enabled="true">
          <attributes>
            <text id="name">Move</text>
            <text id="bundleName">Move.behavior</text>
            <angle id="direction">90</angle>
            <index id="space">0</index>
            <index id="moveType">0</index>
            <real id="speed">300</real>
          </attributes>
        </behavior>
      </behaviors>
    </behavior>
    <behavior id="id456931" class="RuleBehavior" enabled="true">
      <attributes>
        <text id="name">Rule - Ball Collision</text>
        <text id="bundleName">Rule.behavior</text>
        <real id="compoundConditionKind">0</real>
      </attributes>
      <behaviors>
        <behavior id="id527645" class="CollideBehavior" enabled="true">
          <attributes>
            <text id="name">Collide</text>
            <text id="bundleName">Collide.behavior</text>
            <text id="prototypeKey">id469686</text>
            <text id="actorTag">Ground</text>
            <index id="mode">0</index>
          </attributes>
        </behavior>
      </behaviors>
    </behavior>
    <behavior id="id960144" class="RuleBehavior" enabled="true">
      <attributes>
        <text id="name">Rule</text>
        <text id="bundleName">Rule.behavior</text>
        <real id="compoundConditionKind">0</real>
      </attributes>
      <conditions>
        <condition id="id303903" eventType="mouse position" pluginPredicateTypeIndex="0" class="AttributeCondition">
          <attributes>
            <index id="conditionType">1</index>
            <text id="subjectAttribute">game.attributes.id749940</text>
            <text id="name">default name</text>
          </attributes>
          <predicate type="boolean">
            <attributes>
              <index id="RHS">1</index>
            </attributes>
          </predicate>
        </condition>
        <condition id="id979332" eventType="mouse position" pluginPredicateTypeIndex="0" class="AttributeCondition">
          <attributes>
            <index id="conditionType">1</index>
            <text id="subjectAttribute">game.attributes.id520672</text>
            <text id="name">default name</text>
          </attributes>
          <predicate type="boolean">
            <attributes>
              <index id="RHS">0</index>
            </attributes>
          </predicate>
        </condition>
      </conditions>
      <behaviors>
        <behavior id="id761186" class="RuleBehavior" enabled="true">
          <attributes>
            <text id="name">Rule</text>
            <text id="bundleName">Rule.behavior</text>
            <real id="compoundConditionKind">0</real>
          </attributes>
          <conditions>
            <condition id="id430027" eventType="key" pluginPredicateTypeIndex="0" class="Key">
              <attributes>
                <text id="name">default name</text>
                <index id="conditionType">0</index>
              </attributes>
              <predicate type="key">
                <attributes>
                  <text id="mode">down</text>
                  <text id="keyString">t</text>
                </attributes>
              </predicate>
            </condition>
          </conditions>
          <behaviors>
            <behavior id="id513305" class="SpawnAction" enabled="true">
              <attributes>
                <text id="name">Spawn Actor</text>
                <text id="bundleName">Spawn.behavior</text>
                <text id="prototypeKey">id469686</text>
                <angle id="direction">
                  <expression>
                    <string xml:space="preserve">random(</string>
                    <string xml:space="preserve">-45, 45</string>
                    <string xml:space="preserve">)</string>
                  </expression>
                </angle>
                <index id="directionSpace">0</index>
                <real id="x">32</real>
                <real id="y">0</real>
                <index id="positionSpace">0</index>
                <index id="layerOrder">0</index>
              </attributes>
            </behavior>
          </behaviors>
        </behavior>
      </behaviors>
    </behavior>
    <behavior id="id257888" class="RuleBehavior" enabled="true">
      <attributes>
        <text id="name">Rule - Constrain</text>
        <text id="bundleName">Rule.behavior</text>
        <real id="compoundConditionKind">0</real>
      </attributes>
      <behaviors>
        <behavior id="id870805" class="ConstrainAttributeBehavior" enabled="true">
          <attributes>
            <text id="name">Constrain Attribute</text>
            <text id="bundleName">ConstrainAttribute.behavior</text>
            <text id="targetAttribute">self.attributes.position.x</text>
            <text id="RHS">65</text>
          </attributes>
        </behavior>
      </behaviors>
    </behavior>
    <behavior id="id645626" class="RuleBehavior" enabled="true">
      <attributes>
        <text id="name">Rule</text>
        <text id="bundleName">Rule.behavior</text>
        <real id="compoundConditionKind">0</real>
      </attributes>
      <conditions>
        <condition id="id928127" eventType="mouse position" pluginPredicateTypeIndex="0" class="AttributeCondition">
          <attributes>
            <index id="conditionType">1</index>
            <text id="subjectAttribute">game.attributes.id651786</text>
            <text id="name">default name</text>
          </attributes>
          <predicate type="number">
            <attributes>
              <text id="operator">=</text>
              <real id="RHS">11</real>
            </attributes>
          </predicate>
        </condition>
      </conditions>
      <behaviors>
        <behavior id="id774675" class="DisplayTextBehavior" enabled="true">
          <attributes>
            <text id="name">Display Text</text>
            <text id="bundleName">DisplayText.behavior</text>
            <text id="text">Player Two Wins! Press R to Reset!</text>
            <text id="font">Cambay</text>
            <real id="size">30</real>
            <index id="alignment">1</index>
            <boolean id="wrap">false</boolean>
            <color id="color">
              <real id="red">0</real>
              <real id="green">0</real>
              <real id="blue">0</real>
              <real id="alpha">1</real>
            </color>
            <real id="offsetx">200</real>
            <real id="offsety">50</real>
            <index id="space">0</index>
            <index id="directionSpace">0</index>
            <angle id="direction">0</angle>
          </attributes>
        </behavior>
      </behaviors>
    </behavior>
  </behaviors>
  <aspects>
    <graphics>
      <attributes>
        <boolean id="visible">true</boolean>
        <enumeration id="blendingMode">0</enumeration>
        <enumeration id="horizontalWrap">0</enumeration>
        <enumeration id="verticalWrap">0</enumeration>
        <enumeration id="horizontalAnchor">0</enumeration>
        <enumeration id="verticalAnchor">0</enumeration>
        <boolean id="flipHorizontally">false</boolean>
        <boolean id="flipVertically">false</boolean>
        <integer id="tileWidth" name="tileWidth">360</integer>
        <integer id="tileHeight" name="tileHeight">290</integer>
      </attributes>
    </graphics>
    <motion>
      <attributes>
        <point id="linearVelocity">
          <real id="x">0</real>
          <real id="y">0</real>
        </point>
        <point id="centerOfMass">
          <real id="x">0</real>
          <real id="y">0</real>
        </point>
        <real id="angularVelocity">0</real>
        <real id="maxSpeed">0</real>
        <boolean id="applyMaxSpeed">false</boolean>
        <boolean id="pin">false</boolean>
      </attributes>
    </motion>
    <physics>
      <attributes>
        <real id="density">1</real>
        <real id="friction">3</real>
        <real id="restitution">0</real>
        <boolean id="fixedRotation">true</boolean>
        <boolean id="movable">true</boolean>
        <enumeration id="collisionShape">0</enumeration>
        <real id="drag">0</real>
        <real id="angularDrag">0</real>
        <boolean id="canSleep">true</boolean>
        <boolean id="betterColisions">false</boolean>
      </attributes>
    </physics>
  </aspects>
</actor>